[
  {
    "title": "Wild Rice With Bacon, Mushrooms & Green Onions",
    "id": 665344,
    "day": "Wednesday",
    "meal": "Lunch",
    "readyInMinutes": 45,
    "servings": 6,
    "ingredients": [
      "2 boxes Uncle Ben's or Zataran's Wild Rice",
      "1 package regular size Fresh sliced Cremini or button mushrooms",
      "1/2 stick butter",
      "1 package small real bacon bits pieces",
      "4 green onions, sliced"
    ]
  },
  {
    "title": "Dolsot Bibimbap",
    "id": 641559,
    "day": "Thursday",
    "meal": "Dinner",
    "readyInMinutes": 45,
    "servings": 4,
    "ingredients": [
      "3 cups fresh baby spinach",
      "1 1/2 cups bean sprouts",
      "3/4 pound thin strips sirloin, rib eye or bulgogi beef",
      "4 dolsot stone bowls (available at Asian markets)",
      "10 ounces cabbage kimchi",
      "1 cup carrots, julienned",
      "4 egg yolks",
      "1 cup fresh shiitake mushrooms, thinly sliced",
      "1 garlic clove, minced",
      "1 cup green onions, chopped",
      "1 cup Korean barbecue bulgogi marinade",
      "1/4 cup kochujang vinegared hot pepper paste",
      "Pinch of salt",
      "1/4 cup sesame oil",
      "2 teaspoons toasted sesame seeds",
      "4 cups short grain white rice, cooked",
      "Pinch of sugar",
      "3 cups high grade Korean sushi rice",
      "3/4 cup firm tofu, rinsed and cut into 1-inch cubes",
      "1 cup zucchini, julienned"
    ]
  }
]