{
  "kitchen utensil set": "https://www.amazon.de/dp/B0C6V7Y7B9?tag=tsufi05-21",
  "oil sprayer": "https://www.amazon.de/dp/B0CBGZ2L7Q?tag=tsufi05-21",
  "digital kitchen scale": "https://www.amazon.de/dp/B07PTNZT75?tag=tsufi05-21",
  "measuring jug": "https://www.amazon.de/dp/B01NBDPEA2?tag=tsufi05-21",
  "lemon squeezer": "https://www.amazon.de/dp/B09WRRDFTK?tag=tsufi05-21",
  "meat thermometer": "https://www.amazon.de/dp/B09PHK8JC1?tag=tsufi05-21",
  "garlic press": "https://www.amazon.de/dp/B0D14ZDG4Y?tag=tsufi05-21",
  "mandoline slicer": "https://www.amazon.de/dp/B08MTCBGV6?tag=tsufi05-21",
  "sushi maker set": "https://www.amazon.de/dp/B0B8CHS2R2?tag=tsufi05-21",
  "burger press": "https://www.amazon.de/dp/B00YXDVEYQ?tag=tsufi05-21",
  "spatula": "https://www.amazon.de/dp/B06X8Z2XF9?tag=tsufi05-21",
  "whisk": "https://www.amazon.de/dp/B071D29X15?tag=tsufi05-21",
  "tongs": "https://www.amazon.de/dp/B06XP28HZ3?tag=tsufi05-21",
  "basting brush": "https://www.amazon.de/dp/B005DXRPUC?tag=tsufi05-21",
  "ladle": "https://www.amazon.de/dp/B007RPYRR8?tag=tsufi05-21",
  "sieve": "https://www.amazon.de/dp/B00004R9VV?tag=tsufi05-21",
  "cutting board": "https://www.amazon.de/dp/B004VLVVV2?tag=tsufi05-21",
  "chef knife": "https://www.amazon.de/dp/B0000CFDB9?tag=tsufi05-21",
  "paring knife": "https://www.amazon.de/dp/B00005Q5U5?tag=tsufi05-21",
  "kitchen scale": "https://www.amazon.de/dp/B0032UXQ6Q?tag=tsufi05-21",
  "casserole dish": "https://www.amazon.de/dp/B00005BIVV?tag=tsufi05-21",
  "oven thermometer": "https://www.amazon.de/dp/B0000CF5MT?tag=tsufi05-21",
  "instant-read thermometer": "https://www.amazon.de/dp/B09PHK8JC1?tag=tsufi05-21",
  "grater": "https://www.amazon.de/dp/B00004OCNS?tag=tsufi05-21",
  "zester": "https://www.amazon.de/dp/B00004RDE0?tag=tsufi05-21"
}
